Question;Answer
"Kdy můžete nastoupit?";"Můžu nastoupit od 1. července 2025, nebo dle dohody po dvouměsíční výpovědi."
"Jaké jsou vaše platové očekávání?";"Preferuji férové ohodnocení odpovídající juniorní web pozici v Praze (orientačně 50 000 – 55 000 Kč brutto), ale jsem otevřen diskusi podle rozsahu zodpovědností."
"Preferujete práci na dálku nebo v kanceláři?";"Preferuji hybrid (2‑3 dny remote), ale plný remote či on‑site v Praze mi také vyhovuje."
"Ve kterých technologiích se cítíte nejjistější?";"Python (Django, Flask, FastAPI), HTML 5, CSS / Tailwind, Git + GitHub, základy JavaScriptu a SQL."
"Jaké máte zkušenosti s Pythonem?";"Vyučuji Python od roku 2022, vedl jsem několik školních projektů a vytvořil několik vlastních webových aplikací (viz GitHub)."
"Proč přecházíte z pedagogiky do IT?";"Po 11 letech učení chci své znalosti programování posunout do profesní roviny a řešit reálné projekty v praxi. Pedagogické dovednosti mi pomáhají při práci v týmu i při dokumentaci."
"Jakou úroveň angličtiny ovládáte?";"A1 – rozumím psaným textům (např. dokumentace), odpovídám spíše písemně; mluvení je pro mě zatím výzva, ale snažím se zlepšovat (např. přes Duolingo)."
"Je pro vás možná relokace?";"Preferuji práci v Praze nebo remote; relokaci mimo ČR aktuálně neplánuji, ale krátkodobé služební cesty jsou v pořádku."
"Máte zkušenosti s verzováním a týmovou spoluprací?";"Ano, denně používám Git s GitHubem, umím dělat pull‑request, code review a řešit konflikty."
"Kdy máte čas na pohovor?";"Každý všední den po 16:00 CEST, případně lze předem telefonicky domluvit jiný termín."
